tep,nhom,phim,kyVong,ngoaiLe,fs,kenh,bit,nhieu,snrDb,twistDb,lechPct,toneMs,nghiMs,ghiChu
"speech_tong_dai.wav","khong_phim","","rong","filterbank",8000,1,16,"khong",NaN,0,0,NaN,NaN,"Giọng tổng đài thu sẵn, nhiễu cho dtmf_addnoise 'speech'. Ngân hàng bộ lọc đọc nhầm một phím 9 ở 9.65 s, do dao động dư khi câu chào tắt về 0 (§7.13)"
"sach/mot_phim_5.wav","sach","5","dung","",8000,1,16,"khong",NaN,0,0,100,50,""
"sach/tat_ca_phim.wav","sach","123456789*0#","dung","",8000,1,16,"khong",NaN,0,0,100,50,""
"sach/phim_lap.wav","sach","11990000**##","dung","",8000,1,16,"khong",NaN,0,0,100,50,"Phím lặp, chỉ tách được nhờ khung bị loại trong khoảng nghỉ"
"sach/so_dt_01.wav","sach","0470310133","dung","",8000,1,16,"khong",NaN,0,0,100,50,""
"sach/so_dt_02.wav","sach","0546280645","dung","",8000,1,16,"khong",NaN,0,0,100,50,""
"sach/so_dt_03.wav","sach","0118936880","dung","",8000,1,16,"khong",NaN,0,0,100,50,""
"sach/so_dt_04.wav","sach","0018049563","dung","",8000,1,16,"khong",NaN,0,0,100,50,""
"sach/so_dt_05.wav","sach","0680797271","dung","",8000,1,16,"khong",NaN,0,0,100,50,""
"sach/so_dt_06.wav","sach","0492210622","dung","",8000,1,16,"khong",NaN,0,0,100,50,""
"awgn/snr20dB_c1.wav","awgn","617664384487","dung","",8000,1,16,"awgn",20,0,0,100,50,""
"awgn/snr20dB_c2.wav","awgn","273*06017162","dung","",8000,1,16,"awgn",20,0,0,100,50,""
"awgn/snr20dB_c3.wav","awgn","283235638675","dung","",8000,1,16,"awgn",20,0,0,100,50,""
"awgn/snr20dB_c4.wav","awgn","*729#705766*","dung","",8000,1,16,"awgn",20,0,0,100,50,""
"awgn/snr20dB_c5.wav","awgn","7#71505131##","dung","",8000,1,16,"awgn",20,0,0,100,50,""
"awgn/snr15dB_c1.wav","awgn","617664384487","dung","",8000,1,16,"awgn",15,0,0,100,50,""
"awgn/snr15dB_c2.wav","awgn","273*06017162","dung","",8000,1,16,"awgn",15,0,0,100,50,""
"awgn/snr15dB_c3.wav","awgn","283235638675","dung","",8000,1,16,"awgn",15,0,0,100,50,""
"awgn/snr15dB_c4.wav","awgn","*729#705766*","dung","",8000,1,16,"awgn",15,0,0,100,50,""
"awgn/snr15dB_c5.wav","awgn","7#71505131##","dung","",8000,1,16,"awgn",15,0,0,100,50,""
"awgn/snr10dB_c1.wav","awgn","617664384487","dung","",8000,1,16,"awgn",10,0,0,100,50,""
"awgn/snr10dB_c2.wav","awgn","273*06017162","dung","",8000,1,16,"awgn",10,0,0,100,50,""
"awgn/snr10dB_c3.wav","awgn","283235638675","dung","",8000,1,16,"awgn",10,0,0,100,50,""
"awgn/snr10dB_c4.wav","awgn","*729#705766*","dung","",8000,1,16,"awgn",10,0,0,100,50,""
"awgn/snr10dB_c5.wav","awgn","7#71505131##","dung","",8000,1,16,"awgn",10,0,0,100,50,""
"awgn/snr8dB_c1.wav","awgn","617664384487","thong_ke","",8000,1,16,"awgn",8,0,0,100,50,""
"awgn/snr8dB_c2.wav","awgn","273*06017162","thong_ke","",8000,1,16,"awgn",8,0,0,100,50,""
"awgn/snr8dB_c3.wav","awgn","283235638675","thong_ke","",8000,1,16,"awgn",8,0,0,100,50,""
"awgn/snr8dB_c4.wav","awgn","*729#705766*","thong_ke","",8000,1,16,"awgn",8,0,0,100,50,""
"awgn/snr8dB_c5.wav","awgn","7#71505131##","thong_ke","",8000,1,16,"awgn",8,0,0,100,50,""
"awgn/snr6dB_c1.wav","awgn","617664384487","thong_ke","",8000,1,16,"awgn",6,0,0,100,50,""
"awgn/snr6dB_c2.wav","awgn","273*06017162","thong_ke","",8000,1,16,"awgn",6,0,0,100,50,""
"awgn/snr6dB_c3.wav","awgn","283235638675","thong_ke","",8000,1,16,"awgn",6,0,0,100,50,""
"awgn/snr6dB_c4.wav","awgn","*729#705766*","thong_ke","",8000,1,16,"awgn",6,0,0,100,50,""
"awgn/snr6dB_c5.wav","awgn","7#71505131##","thong_ke","",8000,1,16,"awgn",6,0,0,100,50,""
"awgn/snr4dB_c1.wav","awgn","617664384487","thong_ke","",8000,1,16,"awgn",4,0,0,100,50,""
"awgn/snr4dB_c2.wav","awgn","273*06017162","thong_ke","",8000,1,16,"awgn",4,0,0,100,50,""
"awgn/snr4dB_c3.wav","awgn","283235638675","thong_ke","",8000,1,16,"awgn",4,0,0,100,50,""
"awgn/snr4dB_c4.wav","awgn","*729#705766*","thong_ke","",8000,1,16,"awgn",4,0,0,100,50,""
"awgn/snr4dB_c5.wav","awgn","7#71505131##","thong_ke","",8000,1,16,"awgn",4,0,0,100,50,""
"awgn/snr2dB_c1.wav","awgn","617664384487","thong_ke","",8000,1,16,"awgn",2,0,0,100,50,""
"awgn/snr2dB_c2.wav","awgn","273*06017162","thong_ke","",8000,1,16,"awgn",2,0,0,100,50,""
"awgn/snr2dB_c3.wav","awgn","283235638675","thong_ke","",8000,1,16,"awgn",2,0,0,100,50,""
"awgn/snr2dB_c4.wav","awgn","*729#705766*","thong_ke","",8000,1,16,"awgn",2,0,0,100,50,""
"awgn/snr2dB_c5.wav","awgn","7#71505131##","thong_ke","",8000,1,16,"awgn",2,0,0,100,50,""
"awgn/snr0dB_c1.wav","awgn","617664384487","thong_ke","",8000,1,16,"awgn",0,0,0,100,50,""
"awgn/snr0dB_c2.wav","awgn","273*06017162","thong_ke","",8000,1,16,"awgn",0,0,0,100,50,""
"awgn/snr0dB_c3.wav","awgn","283235638675","thong_ke","",8000,1,16,"awgn",0,0,0,100,50,""
"awgn/snr0dB_c4.wav","awgn","*729#705766*","thong_ke","",8000,1,16,"awgn",0,0,0,100,50,""
"awgn/snr0dB_c5.wav","awgn","7#71505131##","thong_ke","",8000,1,16,"awgn",0,0,0,100,50,""
"hum50/snr10dB_c1.wav","hum50","794700231616","dung","",8000,1,16,"hum50",10,0,0,100,50,""
"hum50/snr10dB_c2.wav","hum50","849817454962","dung","",8000,1,16,"hum50",10,0,0,100,50,""
"hum50/snr10dB_c3.wav","hum50","7*435##90052","dung","",8000,1,16,"hum50",10,0,0,100,50,""
"hum50/snr10dB_c4.wav","hum50","875356446084","dung","",8000,1,16,"hum50",10,0,0,100,50,""
"hum50/snr5dB_c1.wav","hum50","794700231616","thong_ke","",8000,1,16,"hum50",5,0,0,100,50,""
"hum50/snr5dB_c2.wav","hum50","849817454962","thong_ke","",8000,1,16,"hum50",5,0,0,100,50,""
"hum50/snr5dB_c3.wav","hum50","7*435##90052","thong_ke","",8000,1,16,"hum50",5,0,0,100,50,""
"hum50/snr5dB_c4.wav","hum50","875356446084","thong_ke","",8000,1,16,"hum50",5,0,0,100,50,""
"hum50/snr2.5dB_c1.wav","hum50","794700231616","thong_ke","",8000,1,16,"hum50",2.5,0,0,100,50,""
"hum50/snr2.5dB_c2.wav","hum50","849817454962","thong_ke","",8000,1,16,"hum50",2.5,0,0,100,50,""
"hum50/snr2.5dB_c3.wav","hum50","7*435##90052","thong_ke","",8000,1,16,"hum50",2.5,0,0,100,50,""
"hum50/snr2.5dB_c4.wav","hum50","875356446084","thong_ke","",8000,1,16,"hum50",2.5,0,0,100,50,""
"hum50/snr0dB_c1.wav","hum50","794700231616","thong_ke","",8000,1,16,"hum50",0,0,0,100,50,""
"hum50/snr0dB_c2.wav","hum50","849817454962","thong_ke","",8000,1,16,"hum50",0,0,0,100,50,""
"hum50/snr0dB_c3.wav","hum50","7*435##90052","thong_ke","",8000,1,16,"hum50",0,0,0,100,50,""
"hum50/snr0dB_c4.wav","hum50","875356446084","thong_ke","",8000,1,16,"hum50",0,0,0,100,50,""
"speech/snr20dB_c1.wav","speech","#7#993#146*3","dung","",8000,1,16,"speech",20,0,0,100,50,""
"speech/snr20dB_c2.wav","speech","0#28151#6#*0","dung","",8000,1,16,"speech",20,0,0,100,50,""
"speech/snr20dB_c3.wav","speech","3183957#7227","dung","",8000,1,16,"speech",20,0,0,100,50,""
"speech/snr20dB_c4.wav","speech","785858*35794","dung","",8000,1,16,"speech",20,0,0,100,50,""
"speech/snr15dB_c1.wav","speech","#7#993#146*3","dung","",8000,1,16,"speech",15,0,0,100,50,""
"speech/snr15dB_c2.wav","speech","0#28151#6#*0","dung","",8000,1,16,"speech",15,0,0,100,50,""
"speech/snr15dB_c3.wav","speech","3183957#7227","dung","",8000,1,16,"speech",15,0,0,100,50,""
"speech/snr15dB_c4.wav","speech","785858*35794","dung","",8000,1,16,"speech",15,0,0,100,50,""
"speech/snr10dB_c1.wav","speech","#7#993#146*3","dung","",8000,1,16,"speech",10,0,0,100,50,""
"speech/snr10dB_c2.wav","speech","0#28151#6#*0","dung","",8000,1,16,"speech",10,0,0,100,50,""
"speech/snr10dB_c3.wav","speech","3183957#7227","dung","",8000,1,16,"speech",10,0,0,100,50,""
"speech/snr10dB_c4.wav","speech","785858*35794","dung","",8000,1,16,"speech",10,0,0,100,50,""
"speech/snr5dB_c1.wav","speech","#7#993#146*3","thong_ke","",8000,1,16,"speech",5,0,0,100,50,""
"speech/snr5dB_c2.wav","speech","0#28151#6#*0","thong_ke","",8000,1,16,"speech",5,0,0,100,50,""
"speech/snr5dB_c3.wav","speech","3183957#7227","thong_ke","",8000,1,16,"speech",5,0,0,100,50,""
"speech/snr5dB_c4.wav","speech","785858*35794","thong_ke","",8000,1,16,"speech",5,0,0,100,50,""
"hien_truong/phong_yen_tinh_1.wav","hien_truong","0282946752","dung","",8000,1,16,"khong",NaN,0,0,NaN,NaN,"phong_yen_tinh, không tiếng nói, tone 90-220 ms, nghỉ 140-420 ms, ngắt nhóm 4-3-3 thêm 350-750 ms"
"hien_truong/phong_yen_tinh_2.wav","hien_truong","0400129685","dung","",8000,1,16,"khong",NaN,0,0,NaN,NaN,"phong_yen_tinh, không tiếng nói, tone 90-220 ms, nghỉ 140-420 ms, ngắt nhóm 4-3-3 thêm 350-750 ms"
"hien_truong/phong_yen_tinh_3.wav","hien_truong","0014733994","dung","",8000,1,16,"khong",NaN,0,0,NaN,NaN,"phong_yen_tinh, không tiếng nói, tone 90-220 ms, nghỉ 140-420 ms, ngắt nhóm 4-3-3 thêm 350-750 ms"
"hien_truong/phong_yen_tinh_4.wav","hien_truong","0462053844","dung","",8000,1,16,"khong",NaN,0,0,NaN,NaN,"phong_yen_tinh, không tiếng nói, tone 90-220 ms, nghỉ 140-420 ms, ngắt nhóm 4-3-3 thêm 350-750 ms"
"hien_truong/quan_ca_phe_1.wav","hien_truong","0235761874","dung","",8000,1,16,"speech+awgn",20,0,0,NaN,NaN,"quan_ca_phe, tiếng nói -20 dB so với tone, tone 90-220 ms, nghỉ 140-420 ms, ngắt nhóm 4-3-3 thêm 350-750 ms"
"hien_truong/quan_ca_phe_2.wav","hien_truong","0504887913","dung","",8000,1,16,"speech+awgn",20,0,0,NaN,NaN,"quan_ca_phe, tiếng nói -20 dB so với tone, tone 90-220 ms, nghỉ 140-420 ms, ngắt nhóm 4-3-3 thêm 350-750 ms"
"hien_truong/quan_ca_phe_3.wav","hien_truong","0428504639","dung","",8000,1,16,"speech+awgn",20,0,0,NaN,NaN,"quan_ca_phe, tiếng nói -20 dB so với tone, tone 90-220 ms, nghỉ 140-420 ms, ngắt nhóm 4-3-3 thêm 350-750 ms"
"hien_truong/quan_ca_phe_4.wav","hien_truong","0146447397","dung","",8000,1,16,"speech+awgn",20,0,0,NaN,NaN,"quan_ca_phe, tiếng nói -20 dB so với tone, tone 90-220 ms, nghỉ 140-420 ms, ngắt nhóm 4-3-3 thêm 350-750 ms"
"hien_truong/ngoai_duong_1.wav","hien_truong","0548894901","thong_ke","",8000,1,16,"speech+awgn",12,0,0,NaN,NaN,"ngoai_duong, tiếng nói -14 dB so với tone, tone 90-220 ms, nghỉ 140-420 ms, ngắt nhóm 4-3-3 thêm 350-750 ms"
"hien_truong/ngoai_duong_2.wav","hien_truong","0389169432","thong_ke","",8000,1,16,"speech+awgn",12,0,0,NaN,NaN,"ngoai_duong, tiếng nói -14 dB so với tone, tone 90-220 ms, nghỉ 140-420 ms, ngắt nhóm 4-3-3 thêm 350-750 ms"
"hien_truong/ngoai_duong_3.wav","hien_truong","0106753696","thong_ke","",8000,1,16,"speech+awgn",12,0,0,NaN,NaN,"ngoai_duong, tiếng nói -14 dB so với tone, tone 90-220 ms, nghỉ 140-420 ms, ngắt nhóm 4-3-3 thêm 350-750 ms"
"hien_truong/ngoai_duong_4.wav","hien_truong","0382635196","thong_ke","",8000,1,16,"speech+awgn",12,0,0,NaN,NaN,"ngoai_duong, tiếng nói -14 dB so với tone, tone 90-220 ms, nghỉ 140-420 ms, ngắt nhóm 4-3-3 thêm 350-750 ms"
"hien_truong/cuc_kho_1.wav","hien_truong","0599682177","thong_ke","",8000,1,16,"speech+awgn",8,0,0,NaN,NaN,"cuc_kho, tiếng nói -10 dB so với tone, tone 65-110 ms, nghỉ 45-80 ms"
"hien_truong/cuc_kho_2.wav","hien_truong","0715862904","thong_ke","",8000,1,16,"speech+awgn",8,0,0,NaN,NaN,"cuc_kho, tiếng nói -10 dB so với tone, tone 65-110 ms, nghỉ 45-80 ms"
"hien_truong/cuc_kho_3.wav","hien_truong","0421994876","thong_ke","",8000,1,16,"speech+awgn",8,0,0,NaN,NaN,"cuc_kho, tiếng nói -10 dB so với tone, tone 65-110 ms, nghỉ 45-80 ms"
"hien_truong/cuc_kho_4.wav","hien_truong","0953122812","thong_ke","",8000,1,16,"speech+awgn",8,0,0,NaN,NaN,"cuc_kho, tiếng nói -10 dB so với tone, tone 65-110 ms, nghỉ 45-80 ms"
"twist/twist+2dB.wav","twist","123456789*0#","dung","",8000,1,16,"khong",NaN,2,0,100,50,""
"twist/twist-6dB.wav","twist","123456789*0#","dung","",8000,1,16,"khong",NaN,-6,0,100,50,""
"twist/twist+8dB.wav","twist","123456789*0#","rong","",8000,1,16,"khong",NaN,8,0,100,50,""
"twist/twist-12dB.wav","twist","123456789*0#","rong","",8000,1,16,"khong",NaN,-12,0,100,50,""
"lech_tan/lech-3.5pct.wav","lech_tan","123456789*0#","rong","filterbank",8000,1,16,"khong",NaN,0,-3.5,103.626943005181,51.8134715025907,"Ngân hàng bộ lọc nhận phím 1 từ dao động dư trong khoảng nghỉ, ở đúng 697/1209 Hz (§7.13)"
"lech_tan/lech-1.5pct.wav","lech_tan","123456789*0#","thong_ke","",8000,1,16,"khong",NaN,0,-1.5,101.522842639594,50.761421319797,""
"lech_tan/lech-0.5pct.wav","lech_tan","123456789*0#","thong_ke","",8000,1,16,"khong",NaN,0,-0.5,100.502512562814,50.251256281407,""
"lech_tan/lech+0.5pct.wav","lech_tan","123456789*0#","thong_ke","",8000,1,16,"khong",NaN,0,0.5,99.5024875621891,49.7512437810945,""
"lech_tan/lech+1.5pct.wav","lech_tan","123456789*0#","thong_ke","",8000,1,16,"khong",NaN,0,1.5,98.5221674876847,49.2610837438424,""
"lech_tan/lech+3.5pct.wav","lech_tan","123456789*0#","rong","",8000,1,16,"khong",NaN,0,3.5,96.6183574879227,48.3091787439614,""
"nhip/giu_phim_lau.wav","nhip","59","dung","",8000,1,16,"khong",NaN,0,0,100,50,"Giữ phím 5 trong 800 ms rồi bấm 9, phải ra một chữ 5"
"nhip/tone150_nghi100.wav","nhip","123456789*0#","dung","",8000,1,16,"khong",NaN,0,0,150,100,""
"nhip/tone100_nghi40.wav","nhip","55559999##00","thong_ke","",8000,1,16,"khong",NaN,0,0,100,40,"Phím lặp với khoảng nghỉ 40 ms, mức tối thiểu của Q.24"
"nhip/tone80_nghi50.wav","nhip","123456789*0#","thong_ke","",8000,1,16,"khong",NaN,0,0,80,50,""
"nhip/tone40_nghi40.wav","nhip","123456789*0#","thong_ke","",8000,1,16,"khong",NaN,0,0,40,40,"Tone 40 ms, mức tối thiểu của Q.24 (giới hạn đã biết, §7.11)"
"nhip/bam_tay_1.wav","nhip","0898520445","dung","",8000,1,16,"khong",NaN,0,0,NaN,NaN,"Bấm tay tone 90-220 ms, nghỉ 140-420 ms, ngắt nhóm 4-3-3 thêm 350-750 ms"
"nhip/bam_tay_2.wav","nhip","0621517993","dung","",8000,1,16,"khong",NaN,0,0,NaN,NaN,"Bấm tay tone 90-220 ms, nghỉ 140-420 ms, ngắt nhóm 4-3-3 thêm 350-750 ms"
"nhip/bam_tay_3.wav","nhip","0928826970","dung","",8000,1,16,"khong",NaN,0,0,NaN,NaN,"Bấm tay tone 90-220 ms, nghỉ 140-420 ms, ngắt nhóm 4-3-3 thêm 350-750 ms"
"nhip/bam_voi_1.wav","nhip","0254579324","thong_ke","",8000,1,16,"khong",NaN,0,0,NaN,NaN,"Bấm vội tone 65-110 ms, nghỉ 45-80 ms"
"nhip/bam_voi_2.wav","nhip","0308220225","thong_ke","",8000,1,16,"khong",NaN,0,0,NaN,NaN,"Bấm vội tone 65-110 ms, nghỉ 45-80 ms"
"dinh_dang/fs44100_stereo.wav","dinh_dang","0912345678#","dung","",44100,2,16,"khong",NaN,0,0,100,50,"Hai kênh, kênh phải nhỏ hơn 3 dB"
"dinh_dang/fs48000_24bit.wav","dinh_dang","0912345678#","dung","",48000,1,24,"khong",NaN,0,0,100,50,""
"dinh_dang/fs16000.flac","dinh_dang","0912345678#","dung","",16000,1,16,"khong",NaN,0,0,100,50,""
"dinh_dang/fs11025.wav","dinh_dang","0912345678#","dung","",11025,1,16,"khong",NaN,0,0,100,50,"Tỉ số 8000/11025 = 320/441 không nguyên"
"dinh_dang/fs8000_8bit.wav","dinh_dang","0912345678#","dung","",8000,1,8,"khong",NaN,0,0,100,50,""
"dinh_dang/lech_dc_0.2.wav","dinh_dang","0912345678#","dung","",8000,1,16,"khong",NaN,0,0,100,50,"Lệch một chiều 0.2 và 0.5 s lặng hai đầu, như micro (§7.7)"
"dinh_dang/muc_thap_-40dBFS.wav","dinh_dang","0912345678#","dung","",8000,1,16,"khong",NaN,0,0,100,50,"Đỉnh 0.01, tức -40 dBFS"
"dinh_dang/xen_dinh.wav","dinh_dang","0912345678#","thong_ke","",8000,1,16,"khong",NaN,0,0,100,50,"Đỉnh 1 bị xén ở 0.5, sinh hài và tích chập tần"
"khong_phim/im_lang.wav","khong_phim","","rong","",8000,1,16,"khong",NaN,0,0,NaN,NaN,"Toàn số 0, năng lượng khung bằng 0"
"khong_phim/nen_on_-60dBFS.wav","khong_phim","","rong","",8000,1,16,"khong",NaN,0,0,NaN,NaN,"Nhiễu nền rất nhỏ"
"khong_phim/nhieu_trang.wav","khong_phim","","rong","",8000,1,16,"khong",NaN,0,0,NaN,NaN,"Nhiễu trắng"
"khong_phim/u_50Hz.wav","khong_phim","","rong","",8000,1,16,"khong",NaN,0,0,NaN,NaN,"Điện lưới 50 Hz"
"khong_phim/mot_tan_697.wav","khong_phim","","rong","",8000,1,16,"khong",NaN,0,0,NaN,NaN,"Chỉ một tone nhóm hàng"
"khong_phim/mot_tan_1336.wav","khong_phim","","rong","",8000,1,16,"khong",NaN,0,0,NaN,NaN,"Chỉ một tone nhóm cột"
"khong_phim/hai_tan_cung_nhom.wav","khong_phim","","rong","",8000,1,16,"khong",NaN,0,0,NaN,NaN,"Hai tone cùng nhóm hàng"
"khong_phim/phim_A_697_1633.wav","khong_phim","","rong","",8000,1,16,"khong",NaN,0,0,NaN,NaN,"Phím A của bàn phím 16 phím, ngoài 12 phím dự án hỗ trợ"
"khong_phim/moi_quay_so_425.wav","khong_phim","","rong","",8000,1,16,"khong",NaN,0,0,NaN,NaN,"Âm mời quay số"
"khong_phim/bao_ban_425.wav","khong_phim","","rong","",8000,1,16,"khong",NaN,0,0,NaN,NaN,"Âm báo bận"
"khong_phim/moi_quay_so_350_440.wav","khong_phim","","rong","",8000,1,16,"khong",NaN,0,0,NaN,NaN,"Âm mời quay số kiểu Bắc Mỹ, hai tần số"
"khong_phim/quet_tan_300_3400.wav","khong_phim","","rong","",8000,1,16,"khong",NaN,0,0,NaN,NaN,"Quét tần 300-3400 Hz đi qua cả bảy tần số DTMF"
"khong_phim/tieng_noi_nen_on.wav","khong_phim","","rong","",8000,1,16,"khong",NaN,0,0,NaN,NaN,"Đoạn 8-11.5 s của speech_tong_dai.wav cộng nền -60 dBFS, có nền là hết phím giả do dao động dư (§7.13)"
